id,vote,Last Grade in School,Age,Gender,Latino or Hispanic Origin,Race,Party,Region
1,2,3,4,0,1,0,3,3
2,,1,2,0,1,0,3,3
3,1,1,5,0,1,0,0,1
4,1,2,3,1,1,0,0,1
5,2,2,5,1,1,0,1,1
6,2,1,4,1,1,0,1,1
7,1,3,4,0,1,0,1,1
8,1,3,2,1,1,0,2,1
9,1,1,2,1,1,0,0,1
10,2,1,4,0,1,0,2,1
11,2,1,4,1,1,0,1,1
12,1,2,4,0,1,0,1,1
13,2,2,5,1,1,0,1,1
14,2,4,4,1,1,0,2,1
15,,1,0,0,1,0,3,1
16,2,2,4,0,1,1,1,2
17,2,3,3,0,1,0,2,2
18,1,3,3,1,1,0,0,2
19,2,3,4,1,1,0,1,2
20,2,2,4,0,1,0,2,2
21,1,3,1,1,1,0,0,2
22,1,3,3,0,1,0,0,2
23,,1,2,1,1,0,0,2
24,2,4,2,1,1,0,1,2
25,2,2,1,1,1,0,1,2
26,1,1,4,1,1,0,0,2
27,2,1,5,0,1,0,2,2
28,1,3,4,1,1,0,0,2
29,1,4,5,0,1,0,2,2
30,,3,2,0,1,0,1,2
31,2,2,4,1,1,0,2,2
32,2,4,3,1,1,0,1,2
33,2,1,4,1,0,0,2,2
34,2,2,4,1,1,0,2,2
35,2,4,5,1,1,0,2,2
36,2,1,5,0,1,0,1,2
37,2,2,4,0,1,0,1,2
38,1,2,4,1,1,0,0,2
39,2,1,2,1,1,0,1,2
40,1,2,5,1,1,0,0,2
41,1,1,0,1,1,0,3,2
42,,1,4,1,0,5,2,3
43,1,2,5,0,1,0,2,3
44,2,2,4,1,1,0,1,3
45,2,4,5,0,1,0,1,3
46,2,4,4,1,1,0,1,3
47,2,2,0,1,1,0,1,3
48,2,1,5,0,1,0,2,3
49,2,2,3,1,1,0,1,3
50,2,3,4,1,1,0,2,3
51,2,4,4,1,1,0,1,3
52,1,1,5,1,1,0,0,3
53,1,4,5,1,1,0,0,3
54,2,4,4,1,1,0,1,3
55,3,2,5,0,1,0,2,3
56,4,1,5,0,1,0,2,0
57,2,4,5,1,1,0,2,0
58,2,1,4,1,1,0,1,0
59,1,3,5,0,1,0,0,1
60,2,3,4,1,1,0,1,1
61,2,4,4,0,1,0,1,1
62,1,1,5,0,1,0,0,1
63,1,4,5,0,1,0,3,1
64,,4,2,0,1,0,2,1
65,,3,3,1,1,0,1,1
66,1,2,5,0,1,0,0,1
67,1,2,5,1,1,0,0,1
68,1,4,3,1,1,1,2,1
69,2,3,3,1,1,1,1,1
70,2,2,3,1,1,1,1,1
71,2,1,4,1,1,0,3,1
72,1,2,5,0,1,0,0,1
73,1,2,4,1,1,0,0,1
74,2,2,4,1,1,0,1,1
75,2,4,5,1,1,0,1,1
76,1,3,3,1,1,0,2,1
77,2,4,2,1,1,0,1,1
78,2,4,4,1,1,1,1,1
79,2,1,4,0,1,0,3,1
80,2,2,5,1,1,1,1,1
81,1,4,5,1,1,0,0,1
82,1,1,5,0,1,5,2,1
83,2,4,1,1,1,0,1,1
84,1,3,3,1,1,0,0,1
85,,1,5,0,1,0,3,3
86,1,1,3,1,1,0,0,3
87,1,4,5,0,1,0,2,3
88,1,1,4,0,1,0,3,3
89,2,1,3,1,0,5,1,3
90,1,1,5,1,1,0,0,3
91,1,3,5,1,1,0,0,3
92,2,1,3,0,0,5,3,1
93,2,2,1,0,1,2,2,1
94,,2,1,1,1,0,3,1
95,1,3,5,0,1,1,0,1
96,3,2,2,0,1,0,2,1
97,1,3,4,0,1,0,2,1
98,3,1,4,0,1,0,1,1
99,1,2,5,1,1,0,2,1
100,,2,1,1,1,0,3,1
101,1,2,0,0,1,1,2,1
102,,2,3,1,1,0,0,1
103,4,2,3,0,0,5,1,1
104,,1,4,0,0,5,1,1
105,,2,0,0,0,5,3,1
106,3,4,2,1,1,5,2,1
107,1,3,1,0,1,0,0,1
108,1,1,4,1,1,0,1,1
109,2,2,4,0,0,5,1,1
110,2,1,3,1,0,5,1,1
111,2,2,4,1,1,1,1,1
112,1,1,0,0,1,0,0,1
113,1,2,2,0,1,0,3,1
114,1,2,1,0,1,0,0,1
115,,3,1,0,1,0,2,1
116,4,1,0,1,1,0,0,1
117,,1,3,0,0,5,1,1
118,1,3,5,0,1,0,2,1
119,,4,2,1,1,0,0,1
120,,1,5,1,1,0,2,1
121,1,3,4,1,1,0,0,1
122,,1,0,1,1,1,1,1
123,1,3,5,1,1,0,0,1
124,1,2,2,1,1,0,0,1
125,2,2,4,1,1,0,1,1
126,,2,3,0,1,0,0,1
127,2,1,1,0,1,5,2,1
128,1,2,3,0,1,0,0,1
129,4,2,0,0,1,1,1,1
130,,4,3,0,1,0,1,1
131,2,1,5,1,1,1,1,1
132,1,3,3,1,1,0,2,1
133,1,2,4,1,1,0,0,1
134,1,3,5,0,1,0,0,1
135,2,2,4,1,1,0,2,1
136,1,3,5,1,1,0,0,1
137,1,2,5,1,1,0,0,1
138,1,1,5,1,1,0,0,1
139,,1,0,0,1,0,3,1
140,2,1,4,1,0,0,1,1
141,2,3,2,1,0,0,1,1
142,2,3,1,1,0,5,1,1
143,1,1,0,0,1,0,2,1
144,2,1,4,1,1,1,1,1
145,2,3,2,1,1,0,1,1
146,2,3,1,0,1,0,1,1
147,1,3,4,1,1,0,3,1
148,2,4,4,1,1,0,2,1
149,1,2,0,0,1,0,0,1
150,1,2,4,0,1,0,0,1
151,1,3,5,0,1,0,0,1
152,1,2,3,1,1,0,2,1
153,1,3,2,0,1,2,2,1
154,2,4,4,1,1,0,1,1
155,4,3,4,1,1,0,2,1
156,1,2,2,0,1,0,2,1
157,1,3,4,1,1,0,0,1
158,1,3,5,1,1,0,0,1
159,1,2,3,1,1,0,0,1
160,1,4,5,1,1,0,0,1
161,3,3,1,1,1,0,0,1
162,,1,0,1,1,5,3,1
163,,3,4,0,1,5,2,1
164,1,3,3,1,1,0,1,1
165,4,4,5,0,1,0,3,1
166,2,2,0,0,1,1,2,1
167,2,3,2,1,1,0,2,1
168,1,2,5,1,1,0,0,1
169,3,1,4,1,1,0,2,1
170,2,2,4,1,1,1,1,1
171,1,3,3,0,1,1,2,1
172,2,1,1,0,1,1,1,1
173,1,3,5,1,1,0,2,1
174,1,3,3,0,1,0,2,1
175,1,3,5,0,1,5,2,1
176,1,3,4,0,1,1,2,1
177,1,3,4,0,1,0,0,1
178,,2,4,1,1,0,0,1
179,4,4,3,1,1,0,1,1
180,3,4,2,0,1,0,2,2
181,,3,2,0,1,0,3,1
182,,3,2,1,1,0,0,1
183,1,2,5,1,1,0,0,1
184,1,2,4,1,1,0,2,1
185,1,1,5,1,1,0,0,1
186,2,3,1,0,1,0,1,1
187,2,2,5,1,1,1,1,1
188,1,4,5,0,1,0,0,1
189,,4,4,0,1,0,3,1
190,2,4,4,0,1,0,2,1
191,2,1,5,0,1,1,1,1
192,,4,5,1,1,0,1,1
193,,1,0,1,1,1,1,1
194,1,2,4,1,1,0,0,1
195,2,3,4,1,1,0,2,0
196,1,3,4,1,1,5,1,0
197,1,4,5,0,1,0,2,0
198,,1,0,0,1,0,0,0
199,1,1,4,1,1,0,2,0
200,,2,0,0,1,2,2,0
201,,1,0,0,1,0,0,0
202,2,4,1,0,1,0,1,0
203,1,3,4,0,1,0,2,0
204,1,3,5,1,1,0,0,0
205,4,1,2,0,1,5,3,0
206,4,2,0,0,1,0,2,0
207,2,3,4,0,1,0,1,0
208,2,3,4,1,1,0,1,0
209,,1,2,1,1,0,0,0
210,3,2,5,1,1,0,1,0
211,1,4,4,0,1,0,0,0
212,2,1,5,1,1,0,1,0
213,2,4,5,1,1,0,1,0
214,4,2,3,0,1,0,3,0
215,1,4,4,1,1,0,2,0
216,1,3,5,1,1,0,0,0
217,1,1,5,1,1,0,2,0
218,3,1,1,0,1,0,2,0
219,,1,3,0,1,0,1,0
220,1,2,4,1,1,0,0,0
221,1,3,0,1,1,0,0,0
222,1,1,4,1,1,0,0,0
223,1,2,5,1,0,0,0,0
224,1,2,0,0,1,0,2,0
225,4,2,5,1,1,0,1,0
226,3,4,5,1,0,0,0,0
227,1,1,5,1,1,0,0,0
228,2,2,4,1,1,0,1,0
229,1,2,5,0,1,0,0,0
230,2,2,4,1,1,0,0,0
231,2,1,4,1,1,0,0,0
232,1,3,4,0,1,0,0,0
233,1,4,5,1,1,0,0,0
234,2,3,1,1,1,2,2,0
235,2,2,3,0,1,0,1,0
236,1,3,2,0,1,5,3,0
237,2,2,0,0,1,0,1,0
238,2,2,4,1,1,5,1,0
239,2,2,4,1,1,1,1,0
240,2,1,3,1,1,1,1,0
241,,1,0,0,1,1,1,0
242,1,2,2,0,1,0,0,3
243,1,1,3,0,1,0,0,3
244,1,3,4,0,1,5,2,3
245,2,4,4,1,1,0,1,3
246,1,2,5,1,1,0,2,3
247,2,2,0,0,1,0,1,3
248,2,2,5,1,1,0,1,3
249,1,2,5,0,1,0,0,3
250,1,4,5,0,1,0,2,3
251,1,2,5,1,1,0,2,3
252,,2,2,0,1,0,0,3
253,2,3,5,1,1,0,1,3
254,4,3,2,0,1,0,3,1
255,1,4,3,0,1,0,0,1
256,1,2,0,1,0,5,0,1
257,1,3,4,0,1,0,0,1
258,,1,3,0,1,1,3,1
259,2,3,2,0,1,0,1,1
260,1,4,4,0,1,0,0,1
261,1,3,5,0,1,0,0,1
262,1,3,3,0,1,0,0,1
263,2,4,0,0,1,0,1,1
264,,2,2,1,1,5,2,1
265,2,4,5,1,1,0,1,1
266,3,2,5,1,1,0,1,1
267,2,4,3,0,1,0,1,1
268,,1,0,1,1,0,3,1
269,1,1,5,1,0,0,0,1
270,1,3,4,0,1,0,0,1
271,1,3,4,1,1,0,0,1
272,4,1,2,0,1,0,3,2
273,2,4,4,1,1,1,1,2
274,3,3,2,1,1,0,2,2
275,2,2,4,1,1,0,1,2
276,,4,0,1,1,0,1,2
277,1,1,5,1,1,0,0,2
278,2,1,0,0,1,0,2,2
279,1,3,2,0,1,0,0,2
280,2,3,3,1,1,0,1,2
281,,2,2,0,1,0,2,2
282,2,1,3,0,1,0,2,2
283,,2,3,1,1,0,0,2
284,1,1,4,0,1,0,2,2
285,,4,2,1,1,5,1,2
286,2,1,2,0,1,0,1,2
287,,1,4,1,1,0,2,2
288,,1,4,1,1,0,1,2
289,1,1,4,1,1,0,2,2
290,2,3,5,1,1,0,0,2
291,2,2,2,1,1,0,1,2
292,1,3,4,1,1,0,1,2
293,2,3,4,1,1,0,2,2
294,,2,0,0,1,0,0,2
295,1,1,5,1,1,0,0,2
296,1,1,0,1,1,0,0,2
297,2,2,4,1,1,0,2,2
298,1,4,5,0,1,0,2,2
299,1,2,5,1,1,0,0,2
300,2,4,2,1,1,0,1,2
301,2,4,4,1,1,0,1,2
302,1,4,0,0,1,2,3,2
303,2,1,4,1,1,0,2,2
304,2,1,4,0,1,0,1,2
305,2,4,2,1,1,0,3,2
306,1,3,4,1,1,0,2,2
307,1,2,4,0,1,0,2,2
308,1,4,3,0,1,0,0,2
309,,2,4,1,1,1,1,2
310,2,2,4,1,0,0,1,2
311,1,3,3,1,1,0,0,2
312,2,3,2,1,1,0,1,0
313,,2,2,0,0,0,1,0
314,1,2,3,0,1,0,0,0
315,4,1,5,0,1,1,3,0
316,2,4,4,0,1,0,1,0
317,2,2,3,1,1,0,2,0
318,1,2,2,1,1,0,0,0
319,4,4,5,0,1,0,1,0
320,,1,3,0,1,1,1,0
321,2,4,4,0,0,0,1,0
322,2,3,3,0,1,0,0,0
323,2,3,3,0,1,1,1,0
324,,2,3,0,1,0,1,0
325,,1,4,0,1,0,1,0
326,,4,2,0,1,0,2,0
327,2,2,4,0,1,0,2,0
328,,2,2,0,1,0,1,0
329,2,1,2,0,1,1,1,0
330,1,3,4,1,1,0,1,0
331,1,1,4,1,1,0,1,0
332,,3,4,1,1,0,2,0
333,,3,2,1,1,0,1,0
334,2,3,2,0,1,1,1,0
335,2,2,0,0,0,0,1,0
336,2,2,5,0,1,0,1,0
337,,4,4,0,1,0,3,0
338,2,3,5,0,1,0,1,0
339,2,1,5,0,1,1,1,0
340,1,2,3,1,1,0,0,0
341,1,2,3,0,1,0,0,0
342,2,1,5,1,1,0,1,0
343,3,4,3,0,1,0,0,0
344,1,1,0,1,1,1,1,0
345,,1,0,1,1,0,3,0
346,1,4,3,0,0,0,2,0
347,1,3,3,0,1,0,2,0
348,2,4,5,1,1,0,1,0
349,2,3,4,1,0,0,1,0
350,1,2,3,1,1,0,0,0
351,1,2,5,0,1,0,3,0
352,2,2,4,0,1,0,1,0
353,2,4,4,0,1,0,1,0
354,1,3,5,0,1,0,0,0
355,1,2,0,1,1,0,0,0
356,3,2,5,0,1,5,2,0
357,2,1,4,1,1,0,0,0
358,2,1,4,1,1,0,1,0
359,,4,5,1,1,0,0,0
360,2,3,5,1,1,0,1,0
361,,3,5,0,1,0,0,0
362,2,4,4,0,1,0,2,0
363,,1,0,1,1,0,3,0
364,2,3,4,0,1,0,2,0
365,2,4,3,1,1,0,1,0
366,,2,3,1,0,5,1,0
367,1,1,5,1,1,0,0,0
368,2,1,0,0,1,2,1,0
369,,2,0,0,1,0,0,0
370,,3,4,0,1,0,2,0
371,1,3,5,0,1,0,0,0
372,,2,5,0,1,0,2,0
373,2,1,5,1,1,1,1,0
374,2,3,3,1,1,0,1,0
375,2,3,5,1,1,0,1,0
376,3,4,1,0,1,5,2,3
377,2,1,1,0,0,5,1,3
378,2,1,5,1,1,0,1,3
379,1,2,5,1,1,0,0,3
380,3,4,5,1,0,5,3,3
381,1,3,4,0,1,0,0,3
382,2,2,4,1,1,0,2,3
383,1,4,5,1,1,0,2,3
384,,3,4,0,1,0,3,3
385,3,3,0,0,1,0,0,3
386,1,3,4,0,1,0,2,3
387,1,2,4,1,1,0,2,3
388,1,1,4,1,1,0,0,3
389,1,3,5,0,1,0,3,3
390,,2,5,0,1,0,0,3
391,1,2,5,1,1,0,0,3
392,2,2,0,0,0,0,1,3
393,,2,4,0,1,0,0,3
394,2,4,4,0,1,0,2,0
395,2,2,5,1,1,0,1,0
396,2,2,0,0,1,0,1,0
397,2,1,5,0,1,2,0,0
398,2,2,3,1,1,0,1,0
399,,1,4,1,1,1,1,0
400,1,2,2,0,1,0,0,0
401,2,2,4,0,1,0,0,0
402,1,4,2,0,1,0,0,0
403,1,4,5,1,1,0,0,0
404,1,3,4,1,1,0,3,0
405,1,3,4,0,1,0,0,0
406,2,2,3,1,1,0,0,0
407,2,4,4,1,1,0,1,0
408,1,3,3,0,1,0,0,0
409,4,1,5,1,1,0,1,0
410,2,2,5,1,1,0,2,0
411,1,2,5,0,1,0,0,0
412,,3,4,1,1,0,1,0
413,1,4,3,0,1,0,2,0
414,1,1,4,0,1,0,0,0
415,,4,2,0,1,0,2,2
416,,3,4,1,0,0,2,2
417,2,2,2,0,1,0,1,2
418,2,4,2,1,1,0,1,2
419,2,3,3,1,1,1,1,1
420,,1,1,0,1,1,2,1
421,1,4,4,1,0,5,0,1
422,,1,2,0,0,0,2,1
423,,2,3,0,1,0,1,1
424,1,1,2,0,1,0,0,1
425,,2,2,1,1,0,1,1
426,2,2,1,1,1,1,1,1
427,1,2,4,0,1,0,2,3
428,3,1,0,1,0,5,3,3
429,3,3,0,0,1,0,3,3
430,1,2,2,1,1,5,2,3
431,1,2,4,0,1,0,0,1
432,1,1,4,0,0,0,2,1
433,2,4,5,0,1,0,1,1
434,2,3,2,1,1,1,1,1
435,1,1,2,1,1,0,1,1
436,1,3,4,1,1,5,2,1
437,1,3,4,0,1,0,0,1
438,2,3,3,1,1,1,2,1
439,2,4,4,1,1,1,1,1
440,2,1,3,1,0,1,1,1
441,1,4,5,1,1,0,0,1
442,2,1,3,0,1,1,1,1
443,3,1,2,0,1,0,2,2
444,3,2,0,1,1,0,3,2
445,,1,2,1,0,5,1,2
446,3,1,4,0,1,0,2,2
447,1,3,2,0,0,0,0,2
448,,2,4,1,0,5,1,2
449,2,4,4,0,1,0,1,2
450,,2,2,0,1,0,2,2
451,1,3,4,0,1,0,3,2
452,2,2,2,1,1,1,1,2
453,2,1,5,0,1,0,2,2
454,1,2,2,1,1,0,2,2
455,1,2,5,1,1,0,0,2
456,2,1,4,1,1,1,1,2
457,2,1,4,1,1,0,1,2
458,2,1,4,0,1,0,2,2
459,1,2,4,1,1,0,2,2
460,2,2,4,1,1,0,1,2
461,2,2,4,1,1,0,1,2
462,1,2,0,1,1,0,0,2
463,1,1,4,1,1,0,2,2
464,2,4,3,1,1,0,1,2
465,3,4,4,0,1,0,2,2
466,1,3,4,1,1,0,0,2
467,2,4,4,0,1,1,1,2
468,4,3,3,1,1,0,0,2
469,2,3,4,1,1,0,2,2
470,4,3,3,1,1,0,2,2
471,,4,1,0,1,2,2,2
472,,1,0,1,1,1,3,2
473,1,1,4,0,1,0,0,2
474,2,2,5,1,1,0,1,2
475,1,4,4,1,1,0,1,2
476,1,4,5,0,1,0,1,2
477,1,1,5,1,1,0,2,2
478,1,1,5,1,1,0,2,2
479,1,2,5,0,1,0,2,2
480,1,2,4,0,1,0,2,2
481,,3,4,1,1,0,1,2
482,4,4,3,0,1,0,3,2
483,2,2,4,1,1,0,2,2
484,1,3,3,1,1,0,0,2
485,,1,3,0,1,0,0,2
486,2,1,2,0,1,5,3,2
487,,2,4,1,1,0,2,2
488,1,4,5,1,1,0,0,2
489,2,2,1,0,1,0,1,2
490,2,3,4,1,1,0,2,2
491,1,3,2,1,1,0,2,2
492,1,2,4,0,1,0,2,2
493,,3,4,1,1,0,2,2
494,1,2,4,0,1,0,2,2
495,2,2,3,1,1,0,1,2
496,3,2,2,1,1,5,3,2
497,3,1,2,0,1,0,0,2
498,2,1,5,0,1,1,1,2
499,1,4,4,1,0,5,2,2
500,2,3,5,1,1,0,1,2
501,,2,2,0,1,0,3,2
502,1,1,5,0,1,0,2,2
503,2,1,3,1,1,0,1,2
504,2,2,3,0,1,0,1,2
505,2,2,5,1,1,5,2,2
506,2,2,5,1,1,0,1,2
507,1,4,5,0,1,0,0,2
508,,4,5,0,1,0,2,2
509,1,3,2,0,1,0,0,2
510,,1,5,1,1,0,0,0
511,2,4,4,0,1,0,1,0
512,2,4,5,0,1,0,2,0
513,,1,5,1,1,2,1,0
514,2,1,4,1,1,0,2,0
515,2,2,5,1,1,0,2,0
516,,3,5,1,1,5,2,0
517,2,2,3,1,1,0,2,0
518,2,2,5,1,1,0,2,0
519,1,1,5,1,1,0,0,0
520,1,3,2,1,1,0,0,1
521,1,4,2,0,1,0,0,1
522,1,3,3,0,1,0,0,1
523,,1,2,1,1,0,0,1
524,,1,3,1,1,0,1,1
525,1,3,5,0,1,0,0,1
526,,2,4,1,1,0,1,1
527,2,2,5,1,1,0,1,1
528,2,1,5,0,1,1,1,1
529,,1,2,0,1,0,3,1
530,1,1,5,1,1,0,0,1
531,,4,5,1,1,1,1,1
532,1,3,4,1,1,0,0,1
533,1,2,2,1,1,0,0,1
534,,2,4,0,1,1,1,1
535,2,1,4,1,1,1,1,1
536,1,3,4,1,1,0,0,1
537,2,3,3,0,1,1,1,1
538,2,4,5,1,1,0,1,1
539,1,3,1,1,1,0,3,0
540,,4,2,0,0,0,3,0
541,1,1,0,0,1,0,1,0
542,1,4,5,0,1,0,0,0
543,4,1,0,1,0,5,2,0
544,1,4,4,1,1,0,2,0
545,2,4,4,1,1,0,2,0
546,2,3,5,0,1,0,1,0
547,2,2,5,1,1,0,2,0
548,2,3,3,0,1,1,1,0
549,2,4,2,1,1,1,1,0
550,2,2,5,0,1,0,1,0
551,,4,1,1,1,0,1,0
552,2,1,1,1,0,5,1,0
553,2,4,4,1,1,0,1,0
554,3,4,4,1,1,0,2,0
555,2,3,3,1,1,0,1,0
556,1,4,3,1,0,5,2,0
557,3,3,2,0,1,0,2,0
558,2,4,5,1,1,0,2,1
559,2,2,0,0,1,0,1,1
560,,1,0,0,1,1,3,1
561,4,1,4,1,0,0,1,1
562,1,4,4,0,1,0,0,1
563,1,3,4,0,1,0,0,1
564,1,4,5,0,1,0,0,1
565,1,3,5,0,1,0,2,1
566,3,2,2,1,1,0,1,1
567,2,2,4,1,1,1,1,1
568,2,2,5,1,1,0,1,1
569,1,2,4,1,1,0,0,1
570,2,2,4,1,1,1,1,1
571,2,2,5,1,1,0,1,1
572,,1,4,1,1,0,3,1
573,1,3,5,0,1,0,2,1
574,,1,0,0,1,0,3,1
575,4,1,5,0,1,0,1,1
576,1,1,4,1,1,0,2,1
577,1,2,4,1,1,0,1,1
578,2,3,3,0,1,0,3,1
579,2,2,4,0,1,0,1,1
580,4,3,4,0,1,0,2,1
581,1,1,3,0,1,0,1,1
582,2,3,5,0,1,0,2,1
583,1,2,4,1,1,0,0,1
584,1,2,4,1,1,0,0,1
585,2,2,5,1,1,0,1,1
586,2,3,5,1,1,0,1,1
587,1,3,2,1,1,0,0,1
588,,2,2,1,1,0,1,1
589,,1,2,0,1,0,2,1
590,2,2,2,1,1,0,1,1
591,1,2,4,1,1,0,0,2
592,,1,0,0,1,0,3,2
593,2,2,3,1,1,0,2,2
594,1,3,5,0,1,0,0,2
595,1,4,4,0,1,5,1,2
596,2,4,2,1,1,0,1,2
597,1,1,4,1,1,0,2,2
598,2,4,4,1,1,0,1,2
599,3,1,5,0,1,0,2,2
600,2,2,4,0,1,0,2,2
601,1,2,3,1,1,0,2,2
602,1,1,4,1,1,0,0,2
603,,2,2,1,1,0,3,2
604,2,1,4,1,1,0,1,2
605,1,1,2,0,1,0,0,2
606,,3,1,0,1,0,2,2
607,1,2,0,1,1,0,0,2
608,,1,3,1,1,0,3,2
609,,1,5,1,1,0,0,2
610,4,1,4,0,1,0,2,2
611,4,1,0,0,1,0,2,2
612,,4,0,0,1,0,1,2
613,3,3,5,1,1,0,2,2
614,2,1,4,1,1,0,1,2
615,2,2,2,1,1,1,1,2
616,,1,4,1,1,0,1,2
617,1,2,3,1,1,0,0,2
618,1,4,5,0,1,0,0,2
619,2,2,4,1,1,0,2,2
620,1,2,0,0,1,0,3,2
621,1,2,5,0,1,0,0,2
622,2,3,4,1,1,0,1,2
623,2,3,0,1,1,0,2,2
624,1,2,5,1,1,0,2,2
625,2,1,5,1,1,0,2,2
626,1,2,4,0,1,0,1,2
627,,2,5,1,1,0,3,2
628,3,1,4,1,1,0,2,2
629,1,2,4,1,1,0,0,2
630,,3,4,1,1,0,1,2
631,,1,0,0,1,0,1,2
632,2,1,5,0,1,0,2,2
633,4,2,4,1,1,1,3,2
634,4,2,4,0,1,1,2,2
635,2,2,2,0,1,0,1,2
636,2,4,5,1,1,2,2,2
637,2,4,4,1,1,1,2,2
638,,2,0,1,1,0,0,2
639,1,4,3,1,1,5,2,2
640,,2,4,0,1,0,3,2
641,,2,3,1,0,5,2,2
642,4,2,4,1,1,0,1,2
643,2,1,1,0,0,5,1,2
644,4,1,5,1,1,0,1,2
645,2,1,1,0,1,0,0,2
646,,3,0,0,1,0,3,2
647,2,3,2,1,1,0,1,2
648,,1,0,1,1,0,1,2
649,1,2,0,0,1,0,0,2
650,1,3,4,0,1,0,0,2
651,1,3,3,0,1,0,0,2
652,,3,5,0,1,0,0,2
653,2,4,4,1,1,0,1,2
654,2,4,2,1,1,0,1,2
655,4,1,4,1,1,0,3,2
656,1,2,5,1,1,0,0,2
657,1,3,2,1,1,0,0,2
658,2,2,5,1,1,0,1,2
659,2,2,5,0,1,0,1,2
660,2,2,4,1,1,1,1,2
661,,1,3,1,1,1,1,2
662,2,2,4,1,0,1,1,2
663,1,1,5,1,1,0,2,2
664,2,2,5,1,1,1,1,2
665,,1,5,0,1,0,1,2
666,2,4,4,0,1,0,1,2
667,1,2,4,1,1,0,0,2
668,1,4,4,0,1,0,0,2
669,2,3,3,0,1,0,1,2
670,2,2,4,1,1,0,1,2
671,,1,4,1,1,0,3,2
672,2,2,5,1,1,0,1,2
673,1,3,0,0,1,0,0,2
674,1,1,3,0,1,0,2,3
675,1,1,1,0,1,0,2,3
676,1,2,4,1,1,0,0,3
677,1,4,5,0,1,0,0,3
678,2,2,4,1,1,0,1,3
679,1,2,5,1,1,0,0,3
680,2,2,5,0,1,0,0,2
681,1,1,3,1,1,0,3,2
682,4,2,2,0,1,0,2,2
683,,3,3,0,1,0,2,2
684,2,4,5,1,1,0,1,2
685,1,1,4,0,1,0,0,2
686,2,1,5,1,1,0,1,2
687,,1,4,0,1,0,1,2
688,4,1,5,1,1,0,2,2
689,2,1,5,1,1,0,1,2
690,2,4,5,0,1,2,1,2
691,,4,2,0,1,0,2,4
692,2,1,5,1,1,2,1,4
693,,2,4,1,1,2,1,1
694,2,3,2,0,1,5,1,1
695,3,2,0,1,1,1,1,1
696,2,2,0,1,0,5,1,1
697,,1,1,0,1,0,0,1
698,1,3,0,0,1,0,0,1
699,2,1,5,0,1,1,2,1
700,2,1,0,1,1,0,1,1
701,2,4,1,1,1,0,2,1
702,,2,5,1,1,5,2,1
703,1,2,3,1,1,0,0,1
704,3,4,3,1,1,0,2,1
705,,2,0,0,1,0,3,1
706,1,1,5,0,1,0,0,1
707,1,1,5,0,1,0,0,1
708,2,1,5,1,1,1,1,1
709,2,4,4,1,1,0,2,1
710,2,4,2,1,1,0,2,1
711,3,3,2,0,0,0,0,1
712,,1,3,1,1,0,0,1
713,3,2,2,0,1,1,3,1
714,1,1,3,0,1,0,0,1
715,2,2,4,0,1,0,1,1
716,1,4,3,0,1,0,3,1
717,2,2,1,0,1,1,1,1
718,1,3,4,0,1,0,3,1
719,2,4,4,1,1,0,1,1
720,2,1,0,1,1,1,1,1
721,,1,3,0,1,0,0,1
722,1,2,4,1,1,0,0,1
723,2,1,5,1,1,1,1,1
724,1,2,2,0,1,0,2,1
725,1,4,4,1,1,0,2,1
726,,1,4,0,0,0,3,1
727,,2,0,0,1,5,3,1
728,2,2,2,1,1,0,1,1
729,1,2,0,1,1,0,0,1
730,,3,3,1,1,0,1,1
731,2,2,4,0,1,1,1,1
732,2,2,5,1,1,0,1,1
733,2,2,4,1,0,0,2,1
734,2,2,2,1,1,0,1,1
735,1,2,4,1,0,0,3,1
736,,2,4,1,1,1,3,1
737,2,3,2,1,1,0,2,1
738,2,1,4,1,1,1,1,1
739,2,2,4,1,1,0,1,1
740,1,3,5,1,1,0,0,1
741,4,2,4,0,1,0,2,1
742,1,3,5,0,1,0,0,1
743,1,4,3,1,1,0,0,1
744,1,4,3,0,1,0,0,1
745,2,2,5,1,1,0,1,1
746,1,4,4,1,1,0,0,1
747,1,4,4,0,1,0,0,1
748,1,2,3,1,1,0,0,1
749,1,2,5,0,1,0,0,1
750,1,3,5,1,1,0,0,1
751,,2,2,1,1,1,2,1
752,1,2,5,1,1,0,0,1
753,1,2,4,1,1,0,2,1
754,2,1,0,1,1,0,1,1
755,1,3,4,0,1,1,2,1
756,3,2,4,1,1,0,3,1
757,3,3,4,0,1,0,3,1
758,2,1,0,1,1,0,1,1
759,2,2,3,0,1,0,2,1
760,3,2,2,1,1,0,2,1
761,2,4,0,1,1,0,2,1
762,1,4,3,0,1,0,0,1
763,4,2,5,1,1,0,1,1
764,,2,4,1,1,0,0,1
765,1,1,5,1,1,0,0,1
766,,2,0,0,1,2,1,1
767,2,4,4,0,1,0,1,1
768,1,2,0,1,0,0,0,1
769,1,1,4,1,1,0,0,1
770,1,2,5,1,0,1,1,1
771,1,2,5,1,1,0,0,1
772,1,2,2,1,1,0,2,1
773,4,1,0,0,1,2,3,1
774,1,2,4,1,1,0,0,1
775,1,2,4,0,1,0,0,1
776,2,2,2,0,1,0,1,1
777,2,4,2,0,1,0,2,1
778,3,4,1,0,1,0,2,0
779,2,4,5,0,1,0,2,0
780,,2,3,1,1,0,1,0
781,2,2,5,1,1,0,1,0
782,1,2,5,1,1,0,0,0
783,1,4,4,1,1,0,2,0
784,1,2,3,1,1,0,2,0
785,2,2,3,1,1,0,1,0
786,4,4,1,0,1,0,2,3
787,2,2,5,0,0,0,1,3
788,2,2,4,1,1,0,2,3
789,1,1,5,1,1,0,2,3
790,2,2,5,1,1,0,1,3
791,2,1,5,1,1,0,1,3
792,2,3,5,1,0,5,3,3
793,,2,2,0,0,0,1,3
794,2,4,2,0,1,0,2,3
795,1,3,5,0,1,0,0,3
796,,4,3,1,0,0,2,3
797,2,4,4,1,1,0,1,3
798,,3,4,1,1,0,2,3
799,1,3,4,1,1,0,0,3
800,2,2,0,1,1,2,1,3
801,,1,3,1,1,0,3,3
802,2,1,2,1,1,1,3,3
803,1,2,2,0,1,0,0,3
804,2,2,2,1,1,1,1,3
805,2,4,4,1,1,5,1,3
806,4,1,5,1,1,1,1,3
807,1,2,5,1,1,0,0,3
808,2,3,1,1,0,5,1,3
809,1,1,5,1,1,0,2,3
810,1,2,5,1,1,0,0,3
811,,1,4,1,1,0,0,3
812,,4,5,1,1,1,1,3
813,1,1,5,0,1,0,0,3
814,1,3,1,1,1,0,0,3
815,2,4,5,1,1,0,1,3
816,1,3,5,1,1,0,0,3
817,2,2,0,1,0,0,0,3
818,2,3,4,0,1,0,2,3
819,1,2,5,1,1,0,0,3
820,2,3,3,1,1,5,1,3
821,3,2,4,0,1,0,0,3
822,2,4,4,1,1,0,1,3
823,,2,4,0,1,0,3,3
824,3,2,1,0,1,0,0,3
825,1,2,5,1,1,0,0,3
826,1,2,4,0,1,0,2,3
827,,2,5,1,1,2,1,3
828,2,2,1,0,0,5,2,3
829,2,2,4,1,1,0,1,3
830,1,2,3,0,0,0,0,3
831,2,4,3,1,1,0,2,3
832,1,2,5,1,1,0,0,3
833,2,3,5,1,1,0,1,3
834,1,3,5,0,1,0,0,3
835,1,2,5,0,1,0,0,3
836,2,2,5,1,1,0,2,3
837,2,4,5,0,1,0,1,3
838,1,3,5,0,1,0,0,3
839,2,4,5,1,1,0,1,3
840,2,4,5,1,1,0,2,3
841,1,2,4,0,1,0,0,3
842,2,4,4,1,1,0,1,3
843,2,2,5,1,1,0,2,3
844,2,2,4,0,1,1,1,3
845,2,4,5,1,1,0,1,3
846,2,2,4,0,1,0,1,3
847,1,2,4,1,1,0,0,3
848,1,3,3,1,1,0,3,3
849,2,1,3,1,1,5,1,3
850,,2,1,1,1,1,1,3
851,2,4,2,0,1,0,1,3
852,2,4,4,0,1,0,0,3
853,,2,4,1,1,0,0,3
854,2,3,5,1,1,0,2,3
855,2,1,5,1,0,1,1,3
856,2,2,4,1,1,2,1,3
857,2,2,4,1,1,1,1,3
858,2,4,3,1,1,0,1,3
859,2,3,5,0,1,0,1,3
860,1,2,4,1,1,0,0,3
861,1,2,4,1,1,0,3,3
862,1,4,4,1,1,0,0,3
863,2,4,4,1,1,0,1,3
864,2,4,4,1,1,0,1,3
865,1,1,5,0,1,0,0,3
866,1,2,5,1,1,0,3,3
867,2,1,5,1,1,1,1,3
868,1,2,4,1,1,0,1,3
869,2,1,5,1,1,0,1,3
870,2,3,5,1,1,2,1,3
871,2,4,1,0,1,0,0,3
872,2,1,4,0,0,0,0,3
873,,2,0,1,1,2,2,3
874,2,4,5,1,1,0,2,3
875,,2,5,1,1,0,1,3
876,1,2,3,0,1,0,0,3
877,1,1,3,0,1,0,0,3
878,2,4,4,1,1,0,1,3
879,4,1,5,0,0,5,1,3
880,,1,0,1,0,5,3,3
881,1,3,1,0,1,0,0,3
882,2,3,5,0,1,0,1,3
883,2,3,0,1,1,0,1,3
884,,1,0,0,0,0,2,3
885,,2,4,1,1,0,0,3
886,1,2,4,1,0,0,2,3
887,2,4,5,1,1,0,2,3
888,1,3,5,1,1,0,0,3
889,2,2,5,0,1,0,1,3
890,1,2,5,1,1,0,0,3
891,2,2,5,1,1,1,1,3
892,,1,3,1,1,0,1,1
893,1,4,4,1,1,0,2,1
894,2,2,0,1,1,1,1,1
895,4,1,3,0,1,0,0,1
896,,1,1,1,1,0,3,1
897,1,3,5,0,1,0,2,1
898,1,2,5,0,1,0,2,1
899,1,2,4,1,1,0,0,1
900,2,1,5,0,1,0,1,1
901,,4,4,0,1,5,0,1
902,1,1,4,0,1,0,0,1
903,1,3,2,0,1,0,0,1
904,,1,4,1,1,1,1,1
905,4,3,5,1,1,0,1,1
906,,2,2,1,1,0,3,1
907,1,3,5,1,1,0,0,1
908,1,3,2,1,1,0,1,1
909,,1,0,1,1,1,0,1
910,2,4,5,0,1,1,1,1
911,1,3,2,1,1,0,0,1
912,1,4,1,1,1,0,0,1
913,1,1,5,0,1,2,2,1
914,2,3,3,1,1,1,1,1
915,1,2,5,0,1,0,0,1
916,2,2,4,0,1,0,1,1
917,1,3,4,0,1,0,3,4
918,1,2,4,1,1,0,0,4
2092,1,2,4,0,1,5,0,3
6145,,4,5,0,1,5,9,1
2208,1,1,0,1,1,5,9,1
2226,1,3,4,1,1,5,0,1
2237,2,2,4,1,1,5,2,2
3207,9,0,4,1,1,5,9,1
6147,,1,0,0,1,1,2,1
258,,2,4,1,1,2,2,1
211,,2,5,1,1,5,1,1
6519,1,2,4,0,1,5,2,1
6561,1,1,1,0,1,2,2,0
6206,9,2,2,0,1,5,2,2
6838,2,1,1,0,1,5,1,3
3199,1,1,3,1,1,2,0,1
220,2,2,3,1,1,1,1,1
6135,,2,0,0,1,2,2,1
3194,1,3,4,0,1,1,2,1
3212,2,1,4,1,1,5,2,2
6785,2,1,3,1,1,5,1,4
6569,2,2,0,1,1,1,1,0
1,,0,3,1,1,2,3,2
4,2,4,3,1,1,0,2,2
5,2,2,4,0,1,0,2,2
6,2,2,4,1,1,0,1,2
8,1,2,3,0,1,0,2,1
9,4,1,3,1,1,0,2,1
10,2,4,5,1,1,1,1,1
12,1,3,5,1,1,0,2,1
14,2,3,5,0,0,0,2,1
15,2,0,4,1,0,0,1,1
16,,3,1,0,1,1,2,1
17,2,3,5,0,1,0,2,3
18,2,2,5,0,1,0,0,3
19,1,4,5,0,1,0,0,3
20,1,4,5,0,1,0,0,1
21,1,1,2,0,1,0,2,1
22,,4,4,0,1,2,1,1
23,2,4,5,0,1,0,1,1
24,1,4,3,1,1,0,2,1
25,1,3,4,0,1,0,2,3
26,1,1,5,1,1,0,0,3
27,1,3,4,0,1,0,0,3
28,2,2,2,1,0,4,1,3
29,1,2,2,1,1,0,0,3
30,1,3,5,1,1,0,0,3
31,2,3,4,0,1,0,2,3
33,2,4,3,1,1,0,1,3
34,1,2,4,1,1,0,0,3
35,2,2,5,1,1,0,1,3
36,2,4,4,1,1,0,1,3
37,1,2,5,0,1,0,0,3
38,,0,3,1,1,0,1,3
39,2,2,5,1,1,0,2,3
40,1,1,3,0,1,0,2,3
41,2,1,4,1,1,1,1,3
42,2,2,4,1,1,0,1,3
43,2,3,4,1,1,0,1,3
44,1,1,3,1,1,0,0,3
45,4,4,4,0,1,0,0,3
46,2,3,1,0,1,0,1,3
47,4,1,5,1,1,1,1,3
49,2,1,4,0,0,4,1,3
50,2,3,3,0,1,0,0,3
51,2,2,4,1,1,1,1,3
52,2,4,3,0,1,2,1,3
53,2,1,5,1,0,0,1,3
54,3,2,5,0,1,0,2,3
55,2,1,5,1,1,0,1,3
56,2,3,4,0,1,9,1,0
57,1,4,4,1,1,0,0,0
58,2,4,5,1,1,0,1,0
60,1,4,4,0,1,0,2,0
61,,2,4,0,1,0,0,0
62,2,3,4,0,1,0,1,0
63,2,2,0,0,1,1,1,2
65,9,1,5,1,1,0,0,0
66,2,4,4,0,1,0,1,0
67,,1,5,1,1,0,9,2
69,,3,4,1,1,0,1,1
70,1,3,4,0,1,9,2,0
71,,2,4,1,1,0,2,1
72,1,2,5,1,1,0,0,0
73,1,1,4,1,1,0,0,0
74,2,4,2,1,1,1,2,0
75,4,1,5,1,1,0,1,2
76,2,3,4,1,1,0,2,0
77,4,4,2,0,1,0,2,0
78,2,2,5,1,1,0,2,1
79,4,1,5,1,1,0,1,2
80,,3,3,1,1,0,1,1
81,,1,0,1,1,2,2,1
82,1,2,1,0,1,0,0,0
84,4,1,5,1,1,0,0,0
85,2,1,5,1,1,0,1,0
86,9,2,5,1,1,0,2,2
87,4,2,2,1,1,0,1,0
88,1,2,5,0,1,0,2,1
90,4,1,5,0,1,0,2,0
91,2,2,4,1,1,1,1,0
92,2,3,5,1,1,0,2,0
93,1,2,5,1,1,0,0,1
94,2,2,3,0,1,0,1,2
95,2,1,5,1,1,0,1,0
96,1,2,4,0,1,0,2,0
97,3,3,5,1,1,0,2,1
98,2,2,4,0,1,0,2,0
99,3,4,2,0,1,0,3,1
100,2,0,5,1,1,1,1,0
101,2,3,3,1,1,0,1,2
102,2,2,3,0,9,9,1,1
103,1,3,5,1,1,9,2,2
104,2,0,5,1,1,0,1,2
105,1,1,4,0,1,0,2,1
106,1,2,5,1,1,0,0,2
107,2,9,5,1,9,9,1,1
108,3,2,0,1,1,0,2,2
110,1,3,5,1,1,0,0,1
111,1,2,3,0,1,0,0,1
112,1,2,4,1,1,0,0,2
113,1,1,4,0,1,0,3,1
114,2,3,4,1,1,0,2,2
115,2,1,4,1,1,0,1,2
116,1,4,3,0,1,0,0,1
117,1,2,3,0,0,0,2,2
118,2,2,3,0,1,0,2,2
119,1,1,2,1,1,0,2,1
120,2,2,4,1,1,1,1,2
121,1,4,4,0,1,0,2,2
122,2,2,5,1,9,1,1,1
123,4,1,0,1,1,0,9,1
124,3,0,2,0,1,0,3,2
125,2,1,5,0,1,1,1,2
126,2,2,5,1,1,0,1,1
127,2,3,4,1,1,1,1,2
128,3,1,3,1,1,0,3,2
129,2,1,0,0,1,0,2,2
130,2,2,4,0,1,0,2,2
131,4,3,2,1,1,0,2,2
132,,1,4,0,1,0,9,2
133,,2,4,0,1,9,0,2
134,2,2,3,0,1,0,3,1
135,1,1,4,0,1,0,3,2
137,1,1,5,0,1,0,0,1
138,2,3,5,1,0,4,1,1
139,9,1,5,0,1,0,9,2
140,1,3,2,0,1,0,3,1
142,1,1,5,0,1,0,0,2
143,4,0,5,1,1,0,2,1
144,1,2,5,1,1,0,0,2
145,1,3,3,1,1,0,0,2
146,2,2,4,1,1,0,1,2
148,2,2,4,1,1,0,2,2
149,1,2,5,1,1,0,2,2
150,2,1,4,1,1,0,1,2
151,2,1,4,0,0,0,1,2
152,,2,4,1,1,1,1,1
153,1,9,5,0,1,0,0,1
154,,0,5,1,9,1,1,2
156,2,2,3,1,1,1,1,1
158,1,1,4,1,1,0,0,1
159,1,3,4,0,1,0,2,1
160,1,3,5,0,1,0,0,1
161,2,1,5,1,1,0,2,1
162,2,2,0,1,1,1,1,1
163,1,1,4,0,1,0,3,1
164,,2,5,1,1,0,0,1
165,2,2,4,0,1,0,1,1
166,2,4,5,1,1,0,1,1
167,4,1,2,1,1,0,2,1
168,4,0,5,1,1,0,1,1
171,2,0,5,1,1,0,1,0
172,2,1,4,0,1,0,2,0
173,1,1,0,0,1,0,2,0
174,2,0,0,0,1,1,1,0
175,2,0,3,0,1,0,1,0
177,2,2,0,0,0,4,1,0
178,2,3,3,1,1,0,2,0
179,2,1,0,0,1,1,1,1
180,9,3,3,1,9,9,2,1
181,3,1,2,1,1,0,2,2
182,,1,3,1,1,0,1,2
183,,0,3,1,1,0,2,2
184,3,3,2,0,1,0,0,1
185,4,2,3,0,1,0,3,2
186,2,2,5,1,1,0,1,1
187,1,1,2,0,1,0,2,2
188,2,1,4,1,1,1,1,2
189,,1,5,1,1,0,0,1
190,2,3,2,1,1,0,3,2
191,4,9,5,0,1,1,9,1
193,1,1,5,1,1,0,2,0
194,1,2,4,0,1,0,2,0
195,2,3,5,1,1,1,1,0
196,2,2,4,1,1,0,1,0
197,,2,5,1,1,0,2,0
198,4,3,4,1,1,0,2,0
199,2,1,5,1,1,0,1,0
200,2,2,4,0,1,0,2,2
201,4,1,3,0,1,0,2,2
202,2,1,5,1,1,1,1,0
204,1,2,0,0,1,0,0,2
206,2,1,4,1,1,0,1,2
210,1,1,4,1,1,0,0,0
212,2,1,5,1,1,1,1,1
213,1,1,3,1,1,0,2,1
214,,2,2,0,1,0,9,1
215,2,3,3,0,1,0,2,1
216,1,3,2,0,1,0,0,1
217,1,2,3,0,1,0,0,1
218,1,2,5,0,1,0,0,1
219,2,2,2,0,1,1,1,1
221,9,4,5,0,1,0,2,1
223,3,1,5,0,1,0,2,1
224,1,0,5,1,0,0,0,1
225,2,3,4,0,1,1,1,1
226,2,2,3,1,1,1,1,1
227,2,1,3,0,1,0,1,1
230,1,3,3,0,1,0,2,1
231,4,2,3,1,0,4,2,1
232,,1,2,0,1,0,9,1
234,,1,0,0,0,4,2,1
235,,1,5,0,1,1,2,1
236,2,1,3,1,1,1,1,1
238,,1,0,0,0,4,1,1
239,,0,4,1,0,4,0,1
240,2,2,3,0,1,1,2,1
242,,1,1,1,1,0,0,3
244,2,2,4,1,1,0,1,3
245,2,2,2,1,0,4,1,3
247,,2,3,1,1,0,1,1
248,1,3,5,1,1,0,0,1
249,1,2,4,0,1,0,0,1
251,9,3,3,1,1,0,1,1
252,2,2,5,0,1,0,0,1
253,1,4,2,1,1,0,0,1
254,2,4,4,1,1,1,2,1
256,,2,4,0,0,0,1,1
257,2,3,3,1,9,9,9,1
260,,3,3,1,1,0,9,1
261,1,1,5,0,1,0,0,1
264,2,2,3,0,1,0,1,1
266,2,2,1,0,1,0,2,3
267,2,3,3,0,1,0,1,1
268,2,2,4,0,1,0,1,3
269,2,1,3,0,1,0,1,3
270,4,2,4,0,1,0,0,3
272,,9,5,0,9,9,9,3
273,2,3,4,0,9,9,2,3
274,1,4,4,0,1,0,0,3
275,1,1,5,0,1,9,2,3
276,2,1,1,0,0,4,1,3
277,,4,3,0,1,0,2,3
278,2,2,2,0,1,0,2,3
279,1,9,5,0,9,9,9,3
280,2,3,2,0,1,0,2,3
281,,3,2,0,1,2,0,3
282,2,2,3,0,1,2,2,3
285,1,1,4,0,0,0,2,3
2001,1,3,4,0,1,0,0,3
2002,2,3,5,1,0,1,1,3
2003,,2,5,1,1,0,9,3
2004,,4,2,1,1,0,0,3
2005,2,3,4,1,1,0,2,3
2006,1,4,5,0,1,0,0,3
2007,2,4,4,0,1,0,1,3
2008,1,3,4,0,1,0,1,3
2009,2,3,5,0,1,0,1,3
2010,1,4,4,0,1,0,0,3
2011,1,0,4,1,1,0,0,3
2012,3,3,5,1,1,0,2,3
2013,2,4,5,0,1,0,1,3
2014,1,2,4,1,1,0,0,3
2015,1,1,4,1,1,0,0,3
2016,,2,4,0,1,0,9,3
2017,1,4,4,1,1,2,2,3
2018,2,1,0,1,0,4,1,3
2019,1,1,3,0,1,0,0,3
2020,1,2,5,1,1,0,0,3
2021,1,1,5,0,1,0,9,3
2022,4,3,4,1,1,0,2,3
2023,1,4,5,1,1,0,0,4
2024,2,3,5,1,1,1,1,3
2025,,2,5,0,1,0,3,0
2026,,4,3,0,1,2,2,0
2027,2,2,4,0,1,0,1,0
2028,1,3,2,0,1,0,2,0
2029,1,2,5,1,1,0,2,0
2030,2,1,3,0,1,0,0,0
2031,1,4,5,0,1,0,0,0
2032,4,1,5,0,1,0,0,0
2034,2,1,4,1,1,0,1,0
2035,2,1,4,1,1,0,2,0
2036,2,2,2,0,1,0,1,0
2037,2,1,5,0,1,0,1,0
2038,2,2,1,1,1,0,2,0
2039,4,0,4,0,1,0,2,0
2040,,3,3,0,1,0,3,0
2041,2,3,5,1,1,0,1,0
2042,,1,4,0,1,0,0,0
2043,4,1,2,0,1,0,0,0
2044,4,2,4,1,1,0,2,0
2045,1,2,3,1,1,0,2,0
2046,2,1,5,1,1,0,2,0
2047,2,1,5,1,1,0,1,0
2048,1,3,4,0,1,0,0,0
2049,3,1,0,1,0,4,2,0
2050,,1,2,0,1,0,3,0
2051,1,2,4,0,1,0,0,0
2052,2,2,5,1,1,0,0,0
2053,,1,4,0,1,0,2,0
2054,2,3,4,1,1,0,2,0
2055,2,2,4,1,1,0,1,0
2056,,2,0,1,1,0,3,0
2057,4,3,3,1,1,0,0,0
2058,2,1,4,0,1,0,0,0
2059,2,3,5,0,1,0,2,1
2060,2,4,4,1,1,0,2,1
2061,1,3,2,0,1,0,0,1
2062,1,3,5,0,1,0,0,1
2064,2,2,5,1,1,0,2,1
2065,,4,4,0,1,0,2,1
2066,2,3,5,1,1,9,1,1
2067,3,1,4,0,1,0,0,1
2068,1,3,3,0,1,0,2,1
2069,1,2,3,1,1,0,1,1
2070,2,2,3,1,1,1,1,1
2071,1,2,2,1,1,0,0,1
2072,1,4,4,0,1,0,3,1
2073,2,3,5,1,1,1,1,1
2074,2,2,5,1,1,0,1,1
2075,2,1,5,1,1,0,2,1
2078,1,1,4,0,1,0,3,1
2079,4,9,5,1,1,1,9,1
2080,2,4,5,1,1,0,2,1
2081,1,3,5,0,1,0,0,1
2082,2,1,4,0,1,0,1,1
2084,2,0,5,1,1,1,1,3
2085,1,4,5,1,1,0,0,3
2086,2,2,5,1,0,1,1,3
2087,2,1,4,1,1,0,1,3
2088,2,3,4,1,1,0,1,3
2089,1,3,2,0,1,0,0,3
2091,4,2,1,1,1,0,0,3
2093,2,2,4,0,0,0,2,3
2094,1,3,4,0,1,0,0,3
2096,2,3,4,1,1,0,2,3
2098,4,1,3,1,0,4,9,3
2099,,0,0,0,1,2,2,3
2100,1,2,2,1,1,0,0,3
2103,,2,4,1,1,0,1,3
2104,2,3,3,0,1,1,1,3
2105,2,4,5,0,1,0,1,3
2106,9,2,2,0,0,0,9,3
2107,1,3,5,0,1,0,0,4
2108,2,3,5,1,1,0,1,3
2109,2,9,4,0,1,0,3,3
2110,2,2,3,1,0,0,1,3
2111,9,2,4,0,1,0,1,3
2112,3,3,4,0,1,0,2,4
2113,3,2,5,1,1,0,0,3
2114,1,2,3,0,1,0,0,3
2115,1,1,5,1,1,0,0,3
2116,1,2,4,1,1,0,0,3
2117,1,3,4,1,1,0,0,3
2118,2,1,5,1,1,0,1,3
2119,3,1,0,0,0,4,2,3
2120,1,4,4,1,1,1,2,3
2121,2,4,5,0,1,0,2,3
2122,1,2,3,1,1,0,0,0
2123,2,3,5,1,1,0,1,0
2124,3,4,4,1,1,0,2,0
2125,9,2,4,1,1,0,9,0
2126,2,1,4,0,1,0,1,0
2127,2,4,4,1,1,0,2,0
2128,1,1,2,1,1,0,0,2
2129,2,1,5,0,0,0,2,2
2130,1,1,4,1,1,0,0,2
2131,1,1,5,1,1,0,0,2
2132,2,3,4,1,1,1,1,2
2133,1,1,4,0,1,0,3,2
2135,2,2,4,1,1,0,1,2
2136,4,4,3,0,1,0,2,2
2137,1,2,4,1,1,0,0,2
2138,1,2,5,0,1,0,3,2
2139,1,3,4,0,1,0,2,2
2140,2,4,4,1,1,0,1,2
2141,4,1,4,1,1,0,2,2
2142,2,4,5,0,1,0,1,2
2143,1,2,3,0,1,0,2,2
2144,3,1,1,0,1,0,2,2
2145,2,3,3,0,1,1,1,2
2146,,2,0,1,1,0,3,2
2147,2,3,2,1,1,1,1,2
2148,2,1,0,1,1,0,2,2
2149,,1,3,1,1,0,3,2
2150,2,2,1,1,1,2,9,2
2151,9,3,3,1,1,0,2,2
2152,1,3,2,1,1,0,0,2
2153,1,1,3,0,1,0,0,2
2154,,2,0,1,1,2,1,2
2155,2,2,0,1,1,1,1,1
2156,2,2,4,1,1,1,3,2
2157,1,1,3,0,1,0,2,1
2158,,1,3,1,1,0,9,1
2159,,1,5,0,1,0,1,1
2160,1,2,3,0,1,0,3,1
2161,1,2,3,1,1,0,1,1
2162,2,4,3,0,1,0,3,1
2163,1,1,4,0,1,0,2,1
2164,2,1,5,1,1,1,1,1
2165,2,1,3,0,1,1,1,1
2166,1,4,3,1,0,0,3,1
2167,1,3,3,0,1,0,0,1
2168,1,3,3,0,1,0,0,1
2170,,1,2,1,1,0,1,1
2171,2,2,2,1,1,0,1,2
2172,,1,2,1,1,0,2,2
2173,2,3,3,1,1,1,1,1
2175,1,4,4,0,1,0,2,0
2176,2,1,4,1,1,0,1,0
2177,2,1,5,1,1,0,1,0
2178,1,3,4,1,1,0,3,0
2179,2,1,4,0,0,4,1,0
2180,,2,3,0,0,4,1,0
2181,2,1,4,0,1,0,2,0
2182,2,3,3,0,1,0,1,2
2183,1,3,4,0,1,0,3,2
2184,1,1,2,1,1,0,3,2
2186,1,2,4,1,1,0,0,2
2187,,9,3,1,1,2,3,1
2188,2,2,2,1,1,0,1,1
2189,2,3,2,1,1,0,2,1
2190,,3,4,1,1,1,1,1
2191,2,3,3,0,1,0,1,1
2192,2,2,4,0,1,0,1,1
2193,,1,3,0,1,1,2,1
2194,3,1,0,1,1,0,3,1
2195,,2,2,0,1,0,3,1
2196,,1,2,1,1,0,0,1
2198,,3,3,0,1,1,0,3
2199,2,2,2,1,1,0,2,3
2200,1,2,5,0,1,0,0,3
2201,2,1,4,1,0,4,1,3
2204,2,3,1,0,1,0,2,4
2205,1,3,3,0,0,4,2,3
2206,,2,4,1,1,2,9,4
2207,2,2,4,1,1,0,1,3
2210,4,2,4,1,1,0,1,1
2212,2,2,4,1,1,0,1,1
2213,2,4,4,1,1,0,2,1
2214,1,4,2,1,1,0,0,1
2215,4,2,4,1,1,0,2,1
2216,,1,0,0,0,0,9,1
2217,1,2,5,1,1,0,2,1
2218,1,1,4,0,1,0,0,1
2219,3,1,3,1,0,0,1,1
2220,2,3,4,0,1,0,1,1
2221,1,2,4,1,1,0,0,1
2222,2,3,4,1,1,0,1,1
2223,1,4,4,1,1,0,0,1
2224,1,2,4,1,1,0,0,1
2227,9,2,3,0,1,0,2,1
2228,1,1,4,0,0,4,0,1
2229,2,2,0,0,0,4,1,1
2230,4,1,3,0,1,0,0,1
2231,2,4,4,0,1,0,2,2
2232,2,3,4,0,1,0,2,2
2233,1,1,4,0,1,0,0,2
2234,2,4,4,1,1,0,1,2
2235,1,1,4,0,1,0,0,2
2236,2,2,5,0,1,0,1,2
2239,1,2,4,0,1,0,0,2
2240,4,2,1,1,1,0,9,2
2241,2,1,4,0,1,0,1,2
2242,4,4,4,1,1,0,0,2
2243,2,3,4,0,1,0,0,2
2244,,2,4,1,0,0,3,1
2245,1,3,4,0,1,0,0,1
2246,1,1,4,0,1,0,0,1
2247,2,4,4,0,1,0,2,4
2248,2,3,3,0,1,1,1,3
2249,,1,2,0,1,0,3,4
2250,2,2,4,1,1,1,1,3
3001,2,2,0,1,1,0,2,2
3002,1,3,4,0,1,0,0,1
3003,1,3,4,0,1,0,0,1
3004,2,3,4,0,1,0,2,1
3005,1,3,3,1,1,0,2,2
3006,1,1,5,1,1,0,0,2
3008,1,3,5,0,1,0,2,1
3009,3,1,5,0,1,0,2,2
3010,2,3,3,1,1,0,2,1
3011,,4,4,1,1,0,1,1
3012,4,3,3,1,1,0,2,2
3013,2,4,3,0,0,0,3,2
3014,1,4,4,0,1,0,0,1
3015,1,2,4,0,1,0,2,2
3016,2,3,4,0,1,0,1,2
3017,3,1,4,1,1,0,2,1
3018,4,1,5,1,1,0,3,2
3019,2,2,4,1,1,1,1,1
3021,1,3,2,0,0,4,3,2
3022,2,3,3,0,1,0,2,2
3023,2,3,4,1,1,0,1,1
3024,1,3,3,0,1,0,3,0
3025,2,4,2,0,1,0,2,1
3026,1,1,4,0,1,0,3,1
3027,2,3,4,1,1,0,2,1
3029,1,3,5,1,1,0,1,0
3030,1,3,5,0,1,0,2,0
3031,2,3,4,0,1,1,2,0
3032,2,2,4,0,1,0,2,0
3034,1,1,0,0,1,2,2,0
3035,1,3,3,1,1,0,2,0
3037,4,1,5,1,1,0,3,1
3038,2,1,3,0,1,0,0,1
3039,9,1,5,1,1,0,1,1
3040,2,1,4,1,1,1,1,1
3041,1,4,5,1,1,0,0,1
3042,,2,5,0,1,0,3,1
3043,2,1,5,0,1,0,1,1
3044,1,4,5,1,1,0,0,1
3045,4,4,5,0,1,0,3,0
3046,4,1,5,1,1,0,1,0
3047,,9,5,1,9,0,9,3
3048,1,3,2,1,1,0,0,3
3049,2,4,5,0,1,0,1,3
3050,1,2,4,1,1,0,0,3
3051,1,3,4,1,1,0,0,3
3052,1,2,2,1,1,0,0,3
3053,4,4,5,0,0,0,3,4
3054,4,3,5,0,1,0,2,3
3055,,0,0,0,1,0,2,3
3056,1,3,4,0,1,2,3,3
3057,2,3,3,1,1,0,1,3
3058,1,2,5,0,1,0,2,3
3059,2,2,4,1,1,0,2,3
3060,2,3,4,1,1,0,2,3
3061,2,4,5,1,1,0,1,3
3062,1,1,4,1,1,0,3,3
3063,2,4,5,1,1,0,1,3
3064,1,3,4,0,1,0,2,3
3065,2,4,3,1,1,0,0,3
3066,2,3,5,1,1,0,2,3
3067,2,2,5,0,1,0,2,3
3068,1,3,4,0,0,4,0,3
3069,2,1,4,0,1,0,2,4
3070,2,4,4,0,1,0,1,3
3071,,0,1,0,0,4,3,3
3072,1,4,4,1,1,0,2,3
3073,4,3,3,0,1,0,2,3
3074,2,2,4,1,1,0,1,3
3075,2,2,5,1,1,1,1,3
3076,,4,2,0,0,4,2,3
3077,9,3,4,1,1,0,2,3
3078,2,1,3,0,1,0,3,3
3079,1,2,5,0,1,0,0,1
3080,,1,2,0,1,0,9,0
3082,,3,5,1,1,0,0,1
3083,9,4,2,1,1,0,2,2
3084,1,2,5,0,1,0,0,1
3085,1,1,5,1,1,0,0,0
3086,2,2,4,1,0,4,1,2
3087,2,2,2,0,1,0,2,0
3088,1,2,5,0,1,0,2,1
3089,4,0,4,1,1,0,1,0
3090,2,1,5,1,1,0,1,1
3091,2,3,4,0,1,0,2,0
3092,,4,3,1,0,0,2,1
3093,1,3,4,1,1,0,0,1
3094,,4,0,0,1,1,3,0
3095,1,4,2,0,1,0,0,0
3096,2,1,5,0,1,1,1,2
3097,1,2,5,1,1,0,0,1
3098,1,2,5,0,1,0,2,1
3099,2,1,5,1,1,0,1,1
3100,2,3,4,1,1,0,1,1
3101,,1,4,0,0,0,2,0
3102,2,0,5,0,1,0,1,0
3103,2,2,4,1,1,0,1,0
3104,2,4,3,0,1,0,1,0
3105,1,4,5,0,1,0,0,1
3106,2,4,4,1,1,0,2,0
3107,2,2,5,1,1,0,1,2
3108,3,1,4,1,1,0,0,0
3109,2,2,4,1,1,0,2,1
3110,,2,2,0,1,0,0,0
3111,3,2,3,0,1,0,0,1
3112,,1,3,0,1,0,2,0
3113,2,1,2,1,0,4,2,0
3114,2,2,3,1,1,1,1,2
3115,1,1,2,1,1,0,0,1
3116,,1,3,1,1,0,1,0
3117,1,0,0,1,1,0,1,1
3118,2,3,4,0,1,1,1,0
3119,4,1,5,0,1,1,2,1
3120,2,3,2,1,1,0,1,0
3121,1,4,5,1,1,0,0,1
3122,2,2,3,1,1,0,2,0
3123,,0,3,0,1,0,1,2
3124,2,2,3,1,1,1,1,2
3125,2,1,2,0,1,1,1,1
3126,4,3,3,0,1,0,2,1
3127,2,2,4,0,1,0,2,1
3128,2,1,4,1,1,1,2,1
3129,2,3,3,0,1,0,1,1
3130,,0,5,0,1,0,1,0
3131,2,3,0,0,1,0,1,0
3133,1,4,3,1,1,0,2,1
3134,2,2,0,1,0,4,2,0
3135,4,3,3,0,1,0,2,1
3136,2,1,5,1,1,0,1,0
3137,4,3,3,1,1,2,0,0
3138,1,2,4,1,1,0,0,1
3139,2,3,5,1,1,0,1,0
3140,2,1,4,0,1,0,2,0
3141,3,3,4,1,1,0,2,0
3142,4,1,4,0,1,0,2,0
3143,1,2,5,0,1,0,0,1
3144,,1,2,1,1,0,1,0
3145,1,4,3,0,1,0,2,0
3146,3,3,3,1,1,0,0,0
3147,1,1,0,0,1,0,2,0
3148,2,3,4,0,1,0,1,0
3149,,1,0,0,1,0,9,1
3150,4,3,3,0,1,0,1,0
3151,2,2,3,1,0,0,2,0
3152,1,2,4,1,1,0,2,1
3153,1,2,5,1,1,0,3,2
3154,2,2,4,1,1,0,1,1
3155,1,2,3,0,1,0,2,2
3156,2,3,4,1,1,0,2,2
3157,1,4,3,1,1,0,0,2
3158,,1,1,0,1,0,1,2
3160,,0,2,1,1,0,0,1
3161,2,1,5,1,1,0,2,2
3162,4,4,3,0,1,0,0,1
3163,1,4,4,1,1,0,2,2
3164,2,3,4,0,1,0,1,2
3165,1,3,3,0,1,0,3,2
3166,2,3,4,0,1,0,2,2
3167,2,2,4,1,1,0,1,2
3168,2,1,4,0,1,0,1,2
3169,1,4,4,1,1,0,0,2
3170,1,4,4,1,1,0,2,2
3171,4,0,4,1,1,0,3,2
3172,2,3,5,0,1,0,2,2
3173,,1,3,1,1,0,0,2
3174,4,3,4,0,1,0,0,2
3175,2,1,4,1,1,0,1,2
3176,2,4,4,1,1,0,2,2
3177,2,1,4,1,1,0,2,2
3178,2,4,4,0,1,0,2,2
3179,4,4,3,1,1,0,3,2
3180,1,2,4,1,1,0,2,2
3181,4,1,3,1,1,0,0,1
3183,2,2,3,0,1,0,1,1
3184,1,2,3,0,1,0,1,1
3185,2,2,2,1,1,1,1,1
3186,,0,4,0,0,0,0,1
3187,1,1,3,0,1,0,0,1
3188,,4,3,0,1,0,2,1
3189,3,1,3,0,1,0,1,1
3190,1,2,4,1,1,0,0,1
3191,,1,5,0,1,1,1,1
3192,1,2,4,1,1,0,0,1
3193,1,3,4,1,1,0,0,1
3195,1,2,4,1,1,0,2,1
3196,1,4,4,0,1,0,0,1
3197,4,4,4,0,1,0,2,1
3198,1,1,5,1,1,0,2,1
3200,1,1,4,1,1,0,2,1
3201,1,3,4,0,1,0,0,1
3202,1,2,3,1,1,0,2,1
3203,2,3,4,1,1,0,1,1
3205,2,3,4,1,1,0,2,1
3206,1,3,5,1,1,0,0,1
3208,2,1,2,1,0,1,3,1
3209,1,3,3,1,1,0,2,1
3210,1,3,4,0,1,0,2,1
3211,1,1,5,1,1,0,0,1
3213,2,1,4,0,1,0,1,1
3214,2,0,1,1,0,4,1,2
3215,2,3,4,1,1,0,2,2
3216,1,1,4,1,1,0,2,2
3217,2,3,4,0,1,0,1,0
3218,2,2,1,1,0,4,2,2
3219,9,9,5,1,9,9,2,2
3220,1,1,4,1,1,0,0,1
3221,,2,4,0,1,0,3,1
3222,4,3,5,1,9,9,2,2
3223,1,1,3,1,1,0,0,2
3225,2,2,5,1,1,0,1,2
3226,2,2,3,0,1,0,1,2
3227,4,4,3,1,1,0,0,1
3228,2,1,0,1,0,4,3,0
3229,1,3,4,0,1,0,2,0
3230,1,1,4,1,1,0,2,1
3231,1,1,5,1,1,0,1,1
3232,1,1,3,0,1,0,2,1
3233,1,2,2,0,0,4,0,1
3234,,3,3,0,1,1,1,1
3235,1,2,5,1,1,0,2,1
3236,1,1,3,1,1,0,2,1
3237,,2,0,0,0,4,0,1
3238,2,3,4,1,1,0,1,1
3239,2,3,4,0,1,0,2,1
3240,2,1,3,1,1,0,3,1
3241,2,4,4,0,1,0,1,1
3242,2,1,3,1,1,0,2,1
3243,1,4,4,0,1,0,2,1
3244,1,1,4,0,1,0,0,1
6006,1,3,4,0,1,0,0,3
6009,1,2,2,1,1,0,0,1
6012,2,2,0,0,1,0,3,2
6014,4,1,1,1,0,4,2,3
6015,2,1,3,0,1,0,1,1
6018,,4,1,0,1,2,1,1
6027,4,2,3,1,1,0,2,1
6029,,1,0,0,1,0,3,1
6030,2,2,3,1,1,1,1,3
6032,1,1,2,0,1,0,0,1
6033,,1,0,1,1,0,9,1
6037,1,1,0,0,1,0,2,1
6040,1,1,3,0,1,0,2,3
6054,2,2,4,0,1,0,1,0
6058,3,4,1,0,1,0,3,1
6061,2,3,5,1,1,1,1,1
6063,1,1,2,0,1,0,0,1
6065,2,3,1,0,0,0,2,4
6067,1,1,3,1,1,0,0,2
6071,9,3,0,0,1,1,2,1
6072,1,1,4,0,1,0,2,2
6086,,2,1,0,1,0,2,3
6088,2,0,0,0,1,1,0,1
6090,3,2,2,0,1,0,2,2
6091,4,1,1,0,0,4,2,0
6092,3,0,3,0,0,4,2,2
6093,,1,3,0,1,0,1,2
6094,2,3,3,0,1,0,1,1
6096,2,3,2,0,1,0,2,2
6097,2,3,5,1,1,0,2,4
6099,1,4,5,0,1,0,0,3
6101,1,3,3,0,9,9,3,2
6102,1,3,3,0,1,0,3,2
6104,1,2,5,1,1,0,2,3
6105,2,2,0,1,1,0,2,3
6106,2,2,2,0,1,0,1,2
6107,,1,4,1,1,0,3,1
6109,1,2,4,1,1,0,0,2
6110,2,1,4,0,1,1,1,2
6111,2,3,2,0,1,1,2,1
6113,1,0,3,0,1,0,2,0
6127,1,2,5,1,1,0,0,1
6132,,0,2,0,1,1,9,2
6134,,2,0,1,1,2,2,1
6140,2,2,5,1,1,0,1,3
6144,1,3,3,0,1,0,0,2
6158,1,1,4,0,1,0,0,1
6159,2,2,5,0,1,0,0,2
6160,2,3,3,0,1,1,2,3
6166,4,1,0,0,1,0,2,2
6167,,4,4,1,1,0,2,1
6169,2,2,4,1,1,0,0,1
6174,,1,0,0,1,0,2,3
6175,2,1,4,0,0,4,1,0
6186,1,1,0,0,1,0,0,2
6192,1,4,3,1,1,0,0,0
6193,2,0,4,0,1,1,0,2
6196,2,1,2,0,1,0,2,3
6198,2,2,4,0,1,1,1,2
6211,2,2,0,1,1,2,1,3
6212,2,1,1,0,1,1,3,1
6215,2,3,3,0,1,0,2,1
6217,2,3,1,0,1,0,1,1
6218,2,0,4,0,1,1,1,2
6222,2,3,1,0,1,1,1,1
6223,2,1,3,1,1,1,1,1
6225,1,3,2,0,1,0,0,1
6226,,0,3,1,1,0,9,2
6227,,2,4,0,0,4,1,3
6236,1,3,1,0,1,0,0,2
6245,2,0,4,1,1,0,1,3
6246,1,2,0,1,1,0,2,2
6248,4,2,1,0,0,4,2,1
6256,2,4,1,1,1,0,1,2
6257,2,2,3,0,1,2,2,3
6260,2,0,4,0,1,1,1,2
6262,,4,1,1,1,0,0,1
6267,3,1,3,0,1,0,3,2
6274,2,2,5,0,1,0,1,2
6282,1,1,1,0,1,0,0,1
6284,1,2,3,0,1,0,0,1
6289,,1,2,0,1,0,2,1
6292,4,1,4,0,1,1,1,1
6294,2,4,2,0,1,0,2,2
6295,2,1,0,0,1,0,1,0
6298,3,1,1,0,1,0,2,2
6300,,1,0,1,0,4,1,0
6301,2,3,3,0,1,0,2,1
6302,2,1,0,1,0,4,2,3
6304,1,3,2,1,1,0,2,1
6307,1,1,0,0,1,0,2,3
6310,2,0,1,1,1,9,1,0
6314,,2,0,0,1,0,0,1
6316,2,4,4,0,1,0,1,1
6317,2,2,3,1,1,1,1,1
6319,1,2,2,0,1,0,0,2
6320,2,1,1,1,1,1,1,2
6322,2,2,4,0,1,1,1,1
6325,2,2,2,0,1,0,2,3
6326,,1,1,0,1,2,1,3
6331,2,0,4,0,1,1,1,1
6333,,9,4,0,1,0,3,3
6341,1,2,2,0,1,0,0,1
6342,1,3,2,1,1,0,0,1
6344,1,3,5,0,1,0,0,3
6346,1,1,3,0,1,0,0,3
6347,2,1,5,0,1,0,1,1
6348,1,3,5,0,1,0,3,3
6352,4,2,3,0,1,0,2,3
6354,,1,3,1,1,0,0,3
6361,1,1,1,1,1,0,0,0
6362,1,2,1,0,1,0,0,1
6367,3,1,2,0,1,0,0,1
6369,2,1,0,0,1,0,1,1
6371,,1,0,0,1,0,3,1
6372,1,4,4,0,1,0,0,3
6374,1,3,5,1,1,0,0,3
6380,2,1,1,1,1,1,1,1
6383,2,2,0,0,1,1,2,2
6390,2,3,2,0,1,0,2,2
6395,1,3,2,0,1,0,3,3
6396,4,2,3,1,1,1,1,3
6397,4,0,3,0,1,0,9,1
6403,,2,0,0,1,0,0,1
6417,2,2,0,0,1,1,1,1
6419,,3,1,1,1,0,0,0
6423,1,2,0,1,1,0,0,1
6424,1,1,4,0,1,0,2,1
6428,,1,1,0,1,0,2,1
6438,3,2,1,0,1,0,2,1
6442,,2,4,0,0,4,3,3
6446,1,3,4,0,1,0,2,2
6451,1,3,4,0,0,0,2,0
6454,2,1,2,0,1,0,1,2
6455,1,4,4,1,1,0,2,1
6458,2,1,4,0,1,1,1,2
6459,2,3,4,1,1,0,1,2
6461,2,1,4,1,1,0,1,2
6463,2,2,1,1,1,0,2,2
6464,,2,2,0,1,2,2,0
6471,1,3,5,0,1,0,0,2
6472,,1,4,1,1,1,1,0
6476,,9,5,0,9,9,9,0
6481,,1,1,0,1,0,2,1
6482,2,1,4,1,1,0,1,1
6484,2,1,3,1,1,1,2,1
6491,4,2,2,0,1,0,2,0
6495,1,2,4,1,1,0,0,0
6500,9,3,1,1,1,1,2,1
6504,2,4,4,0,1,1,1,1
6511,9,2,2,1,1,0,2,3
6514,2,4,5,1,1,0,2,3
6516,1,3,1,0,1,0,2,1
6521,,0,0,0,1,0,2,3
6530,2,3,1,0,1,0,2,3
6531,1,4,3,0,1,0,0,0
6540,2,2,4,1,1,0,1,3
6545,2,2,0,1,1,1,3,1
6562,4,1,1,0,1,2,1,0
6571,,1,4,0,1,0,3,1
6572,,2,3,1,1,0,1,3
6576,1,3,2,1,1,0,0,1
6577,2,3,2,1,1,1,2,0
6580,1,3,5,0,1,0,2,1
6585,,1,0,0,0,0,2,2
6586,2,4,2,1,1,0,2,3
6587,2,3,0,1,1,0,2,3
6589,,1,0,0,1,0,3,1
6595,1,3,3,0,1,0,0,0
6596,2,1,2,1,1,0,1,3
6599,2,4,4,1,1,0,1,1
6600,2,2,0,0,1,1,1,1
6602,3,3,2,0,1,0,0,3
6612,1,1,3,0,1,0,3,1
6613,1,3,1,0,1,0,0,2
6614,1,3,2,0,1,0,0,1
6619,4,2,2,0,1,0,3,2
6620,1,1,3,0,1,0,0,1
6626,1,3,4,0,1,0,0,3
6628,1,3,3,1,1,0,0,1
6629,1,3,4,1,1,0,0,3
6632,,1,1,0,0,0,0,1
6636,4,1,1,0,0,4,9,3
6639,2,2,4,1,1,0,1,3
6643,4,4,4,1,1,0,2,0
6645,,1,0,0,1,0,9,2
6646,2,1,0,1,1,1,1,1
6650,,1,2,1,0,0,1,1
6657,,2,0,1,0,0,9,2
6660,,2,3,0,1,2,2,3
6662,1,1,4,0,1,0,2,4
6663,,3,1,0,1,2,1,3
6667,,2,5,1,1,0,9,1
6669,2,3,5,1,1,0,2,3
6670,,4,0,0,1,0,2,3
6672,4,2,0,0,1,0,2,1
6684,,2,2,0,1,0,2,1
6685,1,3,4,0,1,9,9,1
6689,1,1,4,1,1,0,0,2
6690,3,1,5,0,1,0,2,3
6692,1,2,3,1,1,0,2,1
6700,4,3,4,1,1,0,9,1
6701,2,1,2,0,1,1,1,1
6704,2,4,4,1,1,0,1,1
6707,2,3,1,0,1,0,1,2
6714,2,3,3,1,1,0,1,2
6717,2,4,2,1,1,0,1,1
6719,1,2,4,1,1,0,0,0
6720,2,2,0,1,1,1,2,1
6725,2,1,0,0,1,0,9,2
6730,3,3,1,0,1,1,2,1
6731,,1,2,0,1,0,2,2
6738,,2,0,0,0,4,2,1
6743,4,3,0,1,0,4,9,0
6745,2,2,4,0,1,0,1,1
6747,2,4,3,1,1,0,1,0
6748,,3,1,0,1,2,3,3
6752,4,3,3,1,1,0,2,1
6756,1,2,3,0,1,0,2,0
6757,1,3,3,0,1,0,2,0
6758,2,4,3,0,1,2,2,1
6761,3,1,0,0,1,2,2,1
6763,1,2,5,1,1,0,2,0
6764,4,4,4,0,1,2,2,3
6771,3,4,5,0,1,0,2,0
6773,1,1,5,0,1,0,2,1
6776,,1,0,0,1,9,0,1
6788,2,2,5,0,1,0,1,0
6800,,3,0,0,1,2,1,3
6820,1,1,5,1,1,0,2,0
6821,2,3,0,0,1,2,1,4
6830,,2,0,0,1,0,9,3
6846,2,2,1,0,0,4,1,3
6851,3,1,1,1,0,4,1,0
6853,2,2,5,1,1,0,1,3
6858,1,1,2,0,1,0,2,0
6859,1,2,4,0,1,0,1,0
6862,4,1,1,0,1,0,1,0
6863,,3,4,0,1,1,9,0
6872,1,3,4,0,1,0,3,0
6874,1,3,0,1,0,4,0,0
6882,3,3,0,0,0,0,2,0
6883,3,2,2,0,1,1,1,0
6884,2,4,4,0,1,0,1,0